{"problems": [{"file": "C:\\Users\\zyt\\Documents\\VMWare Share\\tensorflow-master\\tensorflow\\compat_template.__init__.py", "line": 72, "highlighted_element": "import tensorflow.compat.v2 as tf", "offset": 0, "length": 0, "module": "", "problem_class": {"name": "8_2", "severity": "", "inspection_name": "8_2", "attribute_key": ""}, "entry_point": {"TYPE": "", "FQNAME": ""}, "description": "Do not use comment lines to make the code invalid."}, {"file": "C:\\Users\\zyt\\Documents\\VMWare Share\\tensorflow-master\\tensorflow\\compiler\\tests\\pooling_ops_test.py", "line": 325, "highlighted_element": "x[np.random.choice(total_size)] = np.nan", "offset": 0, "length": 0, "module": "", "problem_class": {"name": "8_2", "severity": "", "inspection_name": "8_2", "attribute_key": ""}, "entry_point": {"TYPE": "", "FQNAME": ""}, "description": "Do not use comment lines to make the code invalid."}, {"file": "C:\\Users\\zyt\\Documents\\VMWare Share\\tensorflow-master\\tensorflow\\compiler\\tests\\tensor_array_ops_test.py", "line": 770, "highlighted_element": "v0 = array_ops.identity(np.arange(3 * 5, dtype=np_dtype).reshape(3, 5))", "offset": 0, "length": 0, "module": "", "problem_class": {"name": "8_2", "severity": "", "inspection_name": "8_2", "attribute_key": ""}, "entry_point": {"TYPE": "", "FQNAME": ""}, "description": "Do not use comment lines to make the code invalid."}, {"file": "C:\\Users\\zyt\\Documents\\VMWare Share\\tensorflow-master\\tensorflow\\compiler\\tests\\tensor_array_ops_test.py", "line": 832, "highlighted_element": "grad_val[0, :] + grad_val[1, :] + grad_val[2, :],", "offset": 0, "length": 0, "module": "", "problem_class": {"name": "8_2", "severity": "", "inspection_name": "8_2", "attribute_key": ""}, "entry_point": {"TYPE": "", "FQNAME": ""}, "description": "Do not use comment lines to make the code invalid."}, {"file": "C:\\Users\\zyt\\Documents\\VMWare Share\\tensorflow-master\\tensorflow\\compiler\\tests\\tensor_array_ops_test.py", "line": 856, "highlighted_element": "dtype=dtypes.float32,", "offset": 0, "length": 0, "module": "", "problem_class": {"name": "8_2", "severity": "", "inspection_name": "8_2", "attribute_key": ""}, "entry_point": {"TYPE": "", "FQNAME": ""}, "description": "Do not use comment lines to make the code invalid."}, {"file": "C:\\Users\\zyt\\Documents\\VMWare Share\\tensorflow-master\\tensorflow\\compiler\\xla\\python\\xla_client_test.py", "line": 1296, "highlighted_element": "self.assertLess(np.linalg.norm(np.dot(a, v) - w * v), 1e-3)", "offset": 0, "length": 0, "module": "", "problem_class": {"name": "8_2", "severity": "", "inspection_name": "8_2", "attribute_key": ""}, "entry_point": {"TYPE": "", "FQNAME": ""}, "description": "Do not use comment lines to make the code invalid."}, {"file": "C:\\Users\\zyt\\Documents\\VMWare Share\\tensorflow-master\\tensorflow\\lite\\micro\\examples\\micro_speech\\apollo3\\captured_data_to_wav.py", "line": 21, "highlighted_element": "import matplotlib.pyplot as plt", "offset": 0, "length": 0, "module": "", "problem_class": {"name": "8_2", "severity": "", "inspection_name": "8_2", "attribute_key": ""}, "entry_point": {"TYPE": "", "FQNAME": ""}, "description": "Do not use comment lines to make the code invalid."}, {"file": "C:\\Users\\zyt\\Documents\\VMWare Share\\tensorflow-master\\tensorflow\\lite\\micro\\examples\\micro_speech\\apollo3\\compare_1k.py", "line": 164, "highlighted_element": "plt.tight_layout(pad=0, w_pad=0.2, h_pad=0.2)", "offset": 0, "length": 0, "module": "", "problem_class": {"name": "8_2", "severity": "", "inspection_name": "8_2", "attribute_key": ""}, "entry_point": {"TYPE": "", "FQNAME": ""}, "description": "Do not use comment lines to make the code invalid."}, {"file": "C:\\Users\\zyt\\Documents\\VMWare Share\\tensorflow-master\\tensorflow\\python\\autograph\\pyct\\cache.py", "line": 54, "highlighted_element": "cache[key][subkey] = value", "offset": 0, "length": 0, "module": "", "problem_class": {"name": "8_2", "severity": "", "inspection_name": "8_2", "attribute_key": ""}, "entry_point": {"TYPE": "", "FQNAME": ""}, "description": "Do not use comment lines to make the code invalid."}, {"file": "C:\\Users\\zyt\\Documents\\VMWare Share\\tensorflow-master\\tensorflow\\python\\debug\\lib\\session_debug_grpc_test.py", "line": 262, "highlighted_element": "self.assertAllClose(42.0, sess.run(w))", "offset": 0, "length": 0, "module": "", "problem_class": {"name": "8_2", "severity": "", "inspection_name": "8_2", "attribute_key": ""}, "entry_point": {"TYPE": "", "FQNAME": ""}, "description": "Do not use comment lines to make the code invalid."}, {"file": "C:\\Users\\zyt\\Documents\\VMWare Share\\tensorflow-master\\tensorflow\\python\\eager\\core_test.py", "line": 648, "highlighted_element": "num_outputs=1,", "offset": 0, "length": 0, "module": "", "problem_class": {"name": "8_2", "severity": "", "inspection_name": "8_2", "attribute_key": ""}, "entry_point": {"TYPE": "", "FQNAME": ""}, "description": "Do not use comment lines to make the code invalid."}, {"file": "C:\\Users\\zyt\\Documents\\VMWare Share\\tensorflow-master\\tensorflow\\python\\eager\\pywrap_tfe_test.py", "line": 322, "highlighted_element": "_ = ops.EagerTensor(t, device=ctx.device_name, dtype=None)", "offset": 0, "length": 0, "module": "", "problem_class": {"name": "8_2", "severity": "", "inspection_name": "8_2", "attribute_key": ""}, "entry_point": {"TYPE": "", "FQNAME": ""}, "description": "Do not use comment lines to make the code invalid."}, {"file": "C:\\Users\\zyt\\Documents\\VMWare Share\\tensorflow-master\\tensorflow\\python\\framework\\importer_test.py", "line": 402, "highlighted_element": "self.assertEqual(list(self.evaluate(imported_shape)), [])", "offset": 0, "length": 0, "module": "", "problem_class": {"name": "8_2", "severity": "", "inspection_name": "8_2", "attribute_key": ""}, "entry_point": {"TYPE": "", "FQNAME": ""}, "description": "Do not use comment lines to make the code invalid."}, {"file": "C:\\Users\\zyt\\Documents\\VMWare Share\\tensorflow-master\\tensorflow\\python\\framework\\importer_test.py", "line": 403, "highlighted_element": "self.assertEqual(list(self.evaluate(new_var_shape)), [])", "offset": 0, "length": 0, "module": "", "problem_class": {"name": "8_2", "severity": "", "inspection_name": "8_2", "attribute_key": ""}, "entry_point": {"TYPE": "", "FQNAME": ""}, "description": "Do not use comment lines to make the code invalid."}, {"file": "C:\\Users\\zyt\\Documents\\VMWare Share\\tensorflow-master\\tensorflow\\python\\framework\\tensor_util_test.py", "line": 288, "highlighted_element": "np.iinfo(np.int64).min = -9223372036854775808", "offset": 0, "length": 0, "module": "", "problem_class": {"name": "8_2", "severity": "", "inspection_name": "8_2", "attribute_key": ""}, "entry_point": {"TYPE": "", "FQNAME": ""}, "description": "Do not use comment lines to make the code invalid."}, {"file": "C:\\Users\\zyt\\Documents\\VMWare Share\\tensorflow-master\\tensorflow\\python\\grappler\\cost_analyzer_test.py", "line": 132, "highlighted_element": "self.assertTrue(lower <= upper)", "offset": 0, "length": 0, "module": "", "problem_class": {"name": "8_2", "severity": "", "inspection_name": "8_2", "attribute_key": ""}, "entry_point": {"TYPE": "", "FQNAME": ""}, "description": "Do not use comment lines to make the code invalid."}, {"file": "C:\\Users\\zyt\\Documents\\VMWare Share\\tensorflow-master\\tensorflow\\python\\keras\\engine\\compile_utils_test.py", "line": 315, "highlighted_element": "(0 * .2 + 0 * .3 + 1 * .5 + 1 * 0) / 4", "offset": 0, "length": 0, "module": "", "problem_class": {"name": "8_2", "severity": "", "inspection_name": "8_2", "attribute_key": ""}, "entry_point": {"TYPE": "", "FQNAME": ""}, "description": "Do not use comment lines to make the code invalid."}, {"file": "C:\\Users\\zyt\\Documents\\VMWare Share\\tensorflow-master\\tensorflow\\python\\keras\\engine\\compile_utils_test.py", "line": 332, "highlighted_element": "(0 * .2 + 1 * .5) / 4", "offset": 0, "length": 0, "module": "", "problem_class": {"name": "8_2", "severity": "", "inspection_name": "8_2", "attribute_key": ""}, "entry_point": {"TYPE": "", "FQNAME": ""}, "description": "Do not use comment lines to make the code invalid."}, {"file": "C:\\Users\\zyt\\Documents\\VMWare Share\\tensorflow-master\\tensorflow\\python\\keras\\layers\\gru_v2_test.py", "line": 203, "highlighted_element": "test_name, use_bias, bias_initializer, activation", "offset": 0, "length": 0, "module": "", "problem_class": {"name": "8_2", "severity": "", "inspection_name": "8_2", "attribute_key": ""}, "entry_point": {"TYPE": "", "FQNAME": ""}, "description": "Do not use comment lines to make the code invalid."}, {"file": "C:\\Users\\zyt\\Documents\\VMWare Share\\tensorflow-master\\tensorflow\\python\\keras\\layers\\lstm_v2_test.py", "line": 505, "highlighted_element": "test_name, use_bias, bias_initializer, activation", "offset": 0, "length": 0, "module": "", "problem_class": {"name": "8_2", "severity": "", "inspection_name": "8_2", "attribute_key": ""}, "entry_point": {"TYPE": "", "FQNAME": ""}, "description": "Do not use comment lines to make the code invalid."}, {"file": "C:\\Users\\zyt\\Documents\\VMWare Share\\tensorflow-master\\tensorflow\\python\\keras\\tests\\get_config_samples.py", "line": 22, "highlighted_element": "outputs = tf.keras.layers.Dense(1)(x)", "offset": 0, "length": 0, "module": "", "problem_class": {"name": "8_2", "severity": "", "inspection_name": "8_2", "attribute_key": ""}, "entry_point": {"TYPE": "", "FQNAME": ""}, "description": "Do not use comment lines to make the code invalid."}, {"file": "C:\\Users\\zyt\\Documents\\VMWare Share\\tensorflow-master\\tensorflow\\python\\keras\\tests\\get_config_samples.py", "line": 23, "highlighted_element": "model = tf.keras.Model(inputs, outputs)", "offset": 0, "length": 0, "module": "", "problem_class": {"name": "8_2", "severity": "", "inspection_name": "8_2", "attribute_key": ""}, "entry_point": {"TYPE": "", "FQNAME": ""}, "description": "Do not use comment lines to make the code invalid."}, {"file": "C:\\Users\\zyt\\Documents\\VMWare Share\\tensorflow-master\\tensorflow\\python\\keras\\tests\\get_config_samples.py", "line": 98, "highlighted_element": "x = tf.keras.layers.Flatten()(x)", "offset": 0, "length": 0, "module": "", "problem_class": {"name": "8_2", "severity": "", "inspection_name": "8_2", "attribute_key": ""}, "entry_point": {"TYPE": "", "FQNAME": ""}, "description": "Do not use comment lines to make the code invalid."}, {"file": "C:\\Users\\zyt\\Documents\\VMWare Share\\tensorflow-master\\tensorflow\\python\\keras\\tests\\get_config_samples.py", "line": 99, "highlighted_element": "outputs = tf.keras.layers.Dense(1)(x)", "offset": 0, "length": 0, "module": "", "problem_class": {"name": "8_2", "severity": "", "inspection_name": "8_2", "attribute_key": ""}, "entry_point": {"TYPE": "", "FQNAME": ""}, "description": "Do not use comment lines to make the code invalid."}, {"file": "C:\\Users\\zyt\\Documents\\VMWare Share\\tensorflow-master\\tensorflow\\python\\keras\\tests\\get_config_samples.py", "line": 100, "highlighted_element": "model = tf.keras.Model(inputs, outputs)", "offset": 0, "length": 0, "module": "", "problem_class": {"name": "8_2", "severity": "", "inspection_name": "8_2", "attribute_key": ""}, "entry_point": {"TYPE": "", "FQNAME": ""}, "description": "Do not use comment lines to make the code invalid."}, {"file": "C:\\Users\\zyt\\Documents\\VMWare Share\\tensorflow-master\\tensorflow\\python\\keras\\tests\\get_config_samples.py", "line": 190, "highlighted_element": "outputs = tf.keras.layers.Dense(1)(x)", "offset": 0, "length": 0, "module": "", "problem_class": {"name": "8_2", "severity": "", "inspection_name": "8_2", "attribute_key": ""}, "entry_point": {"TYPE": "", "FQNAME": ""}, "description": "Do not use comment lines to make the code invalid."}, {"file": "C:\\Users\\zyt\\Documents\\VMWare Share\\tensorflow-master\\tensorflow\\python\\keras\\tests\\get_config_samples.py", "line": 191, "highlighted_element": "model = tf.keras.Model(inputs, outputs)", "offset": 0, "length": 0, "module": "", "problem_class": {"name": "8_2", "severity": "", "inspection_name": "8_2", "attribute_key": ""}, "entry_point": {"TYPE": "", "FQNAME": ""}, "description": "Do not use comment lines to make the code invalid."}, {"file": "C:\\Users\\zyt\\Documents\\VMWare Share\\tensorflow-master\\tensorflow\\python\\keras\\tests\\get_config_samples.py", "line": 285, "highlighted_element": "model.add(tf.keras.layers.Dense(10))", "offset": 0, "length": 0, "module": "", "problem_class": {"name": "8_2", "severity": "", "inspection_name": "8_2", "attribute_key": ""}, "entry_point": {"TYPE": "", "FQNAME": ""}, "description": "Do not use comment lines to make the code invalid."}, {"file": "C:\\Users\\zyt\\Documents\\VMWare Share\\tensorflow-master\\tensorflow\\python\\keras\\tests\\get_config_samples.py", "line": 286, "highlighted_element": "model.add(tf.keras.layers.Dense(1))", "offset": 0, "length": 0, "module": "", "problem_class": {"name": "8_2", "severity": "", "inspection_name": "8_2", "attribute_key": ""}, "entry_point": {"TYPE": "", "FQNAME": ""}, "description": "Do not use comment lines to make the code invalid."}, {"file": "C:\\Users\\zyt\\Documents\\VMWare Share\\tensorflow-master\\tensorflow\\python\\keras\\tests\\get_config_samples.py", "line": 343, "highlighted_element": "model.add(tf.keras.layers.Conv2D(32, (3, 3)))", "offset": 0, "length": 0, "module": "", "problem_class": {"name": "8_2", "severity": "", "inspection_name": "8_2", "attribute_key": ""}, "entry_point": {"TYPE": "", "FQNAME": ""}, "description": "Do not use comment lines to make the code invalid."}, {"file": "C:\\Users\\zyt\\Documents\\VMWare Share\\tensorflow-master\\tensorflow\\python\\keras\\tests\\get_config_samples.py", "line": 344, "highlighted_element": "model.add(tf.keras.layers.Flatten())", "offset": 0, "length": 0, "module": "", "problem_class": {"name": "8_2", "severity": "", "inspection_name": "8_2", "attribute_key": ""}, "entry_point": {"TYPE": "", "FQNAME": ""}, "description": "Do not use comment lines to make the code invalid."}, {"file": "C:\\Users\\zyt\\Documents\\VMWare Share\\tensorflow-master\\tensorflow\\python\\keras\\tests\\get_config_samples.py", "line": 345, "highlighted_element": "model.add(tf.keras.layers.Dense(1))", "offset": 0, "length": 0, "module": "", "problem_class": {"name": "8_2", "severity": "", "inspection_name": "8_2", "attribute_key": ""}, "entry_point": {"TYPE": "", "FQNAME": ""}, "description": "Do not use comment lines to make the code invalid."}, {"file": "C:\\Users\\zyt\\Documents\\VMWare Share\\tensorflow-master\\tensorflow\\python\\keras\\tests\\get_config_samples.py", "line": 415, "highlighted_element": "model.add(tf.keras.layers.LSTM(10))", "offset": 0, "length": 0, "module": "", "problem_class": {"name": "8_2", "severity": "", "inspection_name": "8_2", "attribute_key": ""}, "entry_point": {"TYPE": "", "FQNAME": ""}, "description": "Do not use comment lines to make the code invalid."}, {"file": "C:\\Users\\zyt\\Documents\\VMWare Share\\tensorflow-master\\tensorflow\\python\\keras\\tests\\get_config_samples.py", "line": 416, "highlighted_element": "model.add(tf.keras.layers.Dense(1))", "offset": 0, "length": 0, "module": "", "problem_class": {"name": "8_2", "severity": "", "inspection_name": "8_2", "attribute_key": ""}, "entry_point": {"TYPE": "", "FQNAME": ""}, "description": "Do not use comment lines to make the code invalid."}, {"file": "C:\\Users\\zyt\\Documents\\VMWare Share\\tensorflow-master\\tensorflow\\python\\kernel_tests\\clip_ops_test.py", "line": 513, "highlighted_element": "clip_by_norm(t, clip_norm * tf.compat.v1.to_float(tf.size(t)))", "offset": 0, "length": 0, "module": "", "problem_class": {"name": "8_2", "severity": "", "inspection_name": "8_2", "attribute_key": ""}, "entry_point": {"TYPE": "", "FQNAME": ""}, "description": "Do not use comment lines to make the code invalid."}, {"file": "C:\\Users\\zyt\\Documents\\VMWare Share\\tensorflow-master\\tensorflow\\python\\kernel_tests\\parsing_ops_test.py", "line": 2158, "highlighted_element": "b[1] = []", "offset": 0, "length": 0, "module": "", "problem_class": {"name": "8_2", "severity": "", "inspection_name": "8_2", "attribute_key": ""}, "entry_point": {"TYPE": "", "FQNAME": ""}, "description": "Do not use comment lines to make the code invalid."}, {"file": "C:\\Users\\zyt\\Documents\\VMWare Share\\tensorflow-master\\tensorflow\\python\\kernel_tests\\while_v2_test.py", "line": 623, "highlighted_element": "self.assertLen([n for n in g.node if n.op == \"Enter\"], enter_count)", "offset": 0, "length": 0, "module": "", "problem_class": {"name": "8_2", "severity": "", "inspection_name": "8_2", "attribute_key": ""}, "entry_point": {"TYPE": "", "FQNAME": ""}, "description": "Do not use comment lines to make the code invalid."}, {"file": "C:\\Users\\zyt\\Documents\\VMWare Share\\tensorflow-master\\tensorflow\\python\\kernel_tests\\while_v2_test.py", "line": 638, "highlighted_element": "self.assertLen([n for n in g.node if n.op == \"Enter\"], enter_count)", "offset": 0, "length": 0, "module": "", "problem_class": {"name": "8_2", "severity": "", "inspection_name": "8_2", "attribute_key": ""}, "entry_point": {"TYPE": "", "FQNAME": ""}, "description": "Do not use comment lines to make the code invalid."}, {"file": "C:\\Users\\zyt\\Documents\\VMWare Share\\tensorflow-master\\tensorflow\\python\\kernel_tests\\array_ops\\scatter_nd_ops_test.py", "line": 268, "highlighted_element": "update0 = tf.compat.v1.scatter_nd_update(var, [[1]], [True])", "offset": 0, "length": 0, "module": "", "problem_class": {"name": "8_2", "severity": "", "inspection_name": "8_2", "attribute_key": ""}, "entry_point": {"TYPE": "", "FQNAME": ""}, "description": "Do not use comment lines to make the code invalid."}, {"file": "C:\\Users\\zyt\\Documents\\VMWare Share\\tensorflow-master\\tensorflow\\python\\kernel_tests\\array_ops\\scatter_nd_ops_test.py", "line": 272, "highlighted_element": "self.evaluate(var.initializer)", "offset": 0, "length": 0, "module": "", "problem_class": {"name": "8_2", "severity": "", "inspection_name": "8_2", "attribute_key": ""}, "entry_point": {"TYPE": "", "FQNAME": ""}, "description": "Do not use comment lines to make the code invalid."}, {"file": "C:\\Users\\zyt\\Documents\\VMWare Share\\tensorflow-master\\tensorflow\\python\\kernel_tests\\array_ops\\scatter_nd_ops_test.py", "line": 274, "highlighted_element": "self.assertAllEqual([False, True], self.evaluate(var))", "offset": 0, "length": 0, "module": "", "problem_class": {"name": "8_2", "severity": "", "inspection_name": "8_2", "attribute_key": ""}, "entry_point": {"TYPE": "", "FQNAME": ""}, "description": "Do not use comment lines to make the code invalid."}, {"file": "C:\\Users\\zyt\\Documents\\VMWare Share\\tensorflow-master\\tensorflow\\python\\kernel_tests\\array_ops\\scatter_nd_ops_test.py", "line": 279, "highlighted_element": "tf.scatter_nd_mul, tf.scatter_nd_div,", "offset": 0, "length": 0, "module": "", "problem_class": {"name": "8_2", "severity": "", "inspection_name": "8_2", "attribute_key": ""}, "entry_point": {"TYPE": "", "FQNAME": ""}, "description": "Do not use comment lines to make the code invalid."}, {"file": "C:\\Users\\zyt\\Documents\\VMWare Share\\tensorflow-master\\tensorflow\\python\\kernel_tests\\array_ops\\scatter_nd_ops_test.py", "line": 442, "highlighted_element": "tf.scatter_nd_mul, tf.scatter_nd_div,", "offset": 0, "length": 0, "module": "", "problem_class": {"name": "8_2", "severity": "", "inspection_name": "8_2", "attribute_key": ""}, "entry_point": {"TYPE": "", "FQNAME": ""}, "description": "Do not use comment lines to make the code invalid."}, {"file": "C:\\Users\\zyt\\Documents\\VMWare Share\\tensorflow-master\\tensorflow\\python\\ops\\batch_norm_benchmark.py", "line": 50, "highlighted_element": "batch_norm = (tensor - mean) * tf.math.rsqrt(variance + 0.001)", "offset": 0, "length": 0, "module": "", "problem_class": {"name": "8_2", "severity": "", "inspection_name": "8_2", "attribute_key": ""}, "entry_point": {"TYPE": "", "FQNAME": ""}, "description": "Do not use comment lines to make the code invalid."}, {"file": "C:\\Users\\zyt\\Documents\\VMWare Share\\tensorflow-master\\tensorflow\\python\\ops\\standard_ops.py", "line": 101, "highlighted_element": "from tensorflow.python.ops.state_ops import scatter_nd_mul", "offset": 0, "length": 0, "module": "", "problem_class": {"name": "8_2", "severity": "", "inspection_name": "8_2", "attribute_key": ""}, "entry_point": {"TYPE": "", "FQNAME": ""}, "description": "Do not use comment lines to make the code invalid."}, {"file": "C:\\Users\\zyt\\Documents\\VMWare Share\\tensorflow-master\\tensorflow\\python\\ops\\standard_ops.py", "line": 102, "highlighted_element": "from tensorflow.python.ops.state_ops import scatter_nd_div", "offset": 0, "length": 0, "module": "", "problem_class": {"name": "8_2", "severity": "", "inspection_name": "8_2", "attribute_key": ""}, "entry_point": {"TYPE": "", "FQNAME": ""}, "description": "Do not use comment lines to make the code invalid."}, {"file": "C:\\Users\\zyt\\Documents\\VMWare Share\\tensorflow-master\\tensorflow\\python\\ops\\linalg\\linear_operator_circulant.py", "line": 204, "highlighted_element": "self.block_depth = 2,", "offset": 0, "length": 0, "module": "", "problem_class": {"name": "8_2", "severity": "", "inspection_name": "8_2", "attribute_key": ""}, "entry_point": {"TYPE": "", "FQNAME": ""}, "description": "Do not use comment lines to make the code invalid."}, {"file": "C:\\Users\\zyt\\Documents\\VMWare Share\\tensorflow-master\\tensorflow\\python\\ops\\ragged\\ragged_map_fn_op_test.py", "line": 61, "highlighted_element": "fn=self.stack_mean_and_sum,", "offset": 0, "length": 0, "module": "", "problem_class": {"name": "8_2", "severity": "", "inspection_name": "8_2", "attribute_key": ""}, "entry_point": {"TYPE": "", "FQNAME": ""}, "description": "Do not use comment lines to make the code invalid."}, {"file": "C:\\Users\\zyt\\Documents\\VMWare Share\\tensorflow-master\\tensorflow\\python\\ops\\ragged\\ragged_map_ops.py", "line": 157, "highlighted_element": "out = tf.ragged.constant([[2, 3, 4], [5, 6], [7, 8]])", "offset": 0, "length": 0, "module": "", "problem_class": {"name": "8_2", "severity": "", "inspection_name": "8_2", "attribute_key": ""}, "entry_point": {"TYPE": "", "FQNAME": ""}, "description": "Do not use comment lines to make the code invalid."}]}